{"cameraMode":{"drawMode":0,"name":"Shaded","section":"Shading Mode"},"sceneLighting":true,"audioPlay":false,"sceneViewState":{"m_AlwaysRefresh":false,"showFog":true,"showSkybox":true,"showFlares":true,"showImageEffects":true,"showParticleSystems":true,"showVisualEffectGraphs":true,"m_FxEnabled":true},"in2DMode":false,"pivot":{"x":-67.35285949707031,"y":-143.29342651367188,"z":486.1958923339844},"rotation":{"x":0.11513682454824448,"y":0.16372065246105195,"z":-0.019242536276578904,"w":0.9795805215835571},"size":7.939479351043701,"orthographic":true}